Title,Slug,Author,Industries,Image Link,Link
5 Content Marketing Trends To Watch In 2019,5-content-marketing-trends-to-watch-in-2019,John Hall,accounting-finance-male,https://uploads-ssl.webflow.com/5c5c715c2b0f591069822560/5d0a215344723f5615be3386_https%253A%252F%252Fblogs-images.forbes.com%252Fthumbnails%252Fblog_2343%252Fpt_2343_3910_o.jpeg,https://www.forbes.com/sites/johnhall/2018/10/14/5-content-marketing-trends-to-watch-in-2019/#22f0ccc81202
5 trends that will define retail marketing in 2019,5-trends-that-will-define-retail-marketing-in-2019,retaildive,online-store,https://uploads-ssl.webflow.com/5c5c715c2b0f591069822560/5d0a21ba4a635c6e47e71174_a70941a74a1c091cea4334104190e2c6.jpeg,https://www.retaildive.com/news/5-trends-that-will-define-retail-marketing-in-2019/545466/
6 legal marketing trends for 2019,6-legal-marketing-trends-for-2019,legalnewsline,legal-male,https://uploads-ssl.webflow.com/5c5c715c2b0f591069822560/5d0a218f1cdf43fab9a31455_digitallogic.jpeg,https://legalnewsline.com/stories/511787779-6-legal-marketing-trends-for-2019
"Anytime Fitness Blog - Workouts, Recipes, and Weight Loss",anytime-fitness-blog-workouts-recipes-and-weight-loss,"Anytime Fitness, Anytime Fitness Blog",health-fitness-male,https://uploads-ssl.webflow.com/5c5c715c2b0f591069822560/5d0a218069e40af88cf6f5bd_907Y4738_LR.jpeg,http://blog.anytimefitness.com
"Art, Photo, Design & Film",art-photo-design-film,booooooom,visual-arts,https://uploads-ssl.webflow.com/5c5c715c2b0f591069822560/5d0a21cb4a635c57d3e711b3_logo-fb.jpeg,https://www.booooooom.com
Charming But Cheap Bedroom Decorating Ideas,charming-but-cheap-bedroom-decorating-ideas-bull-the-budget-decorator,"The Budget Decorator, Guest Contributor",home-living-male,https://uploads-ssl.webflow.com/5c5c715c2b0f591069822560/5d0a218a69e40a6ff2f6f5d3_headboard-header-new.jpeg,https://www.thebudgetdecorator.com/6-cheap-bedroom-decorating-ideas/
Adventure Travel & Photography Blog,expert-vagabond-adventure-travel-photography-blog,"Expert Vagabond, Matthew Karsten",travel-lifestyle-male,https://uploads-ssl.webflow.com/5c5c715c2b0f591069822560/5d0a5ed600dadc607fbee5ed_wakhan-trekking-matt-XL-600x315.jpeg,https://expertvagabond.com
Five trends that will change how businesses use social media in 2019,five-trends-that-will-change-how-businesses-use-social-media-in-2019,Ryan Holmes,agriculture-male,https://uploads-ssl.webflow.com/5c5c715c2b0f591069822560/5d0a216144723f4ce2be339b_aOutlet_Collection_Seattle_Sip_n_Shop.jpeg,https://business.financialpost.com/entrepreneur/five-trends-that-will-change-how-businesses-use-social-media-in-2019
Ground-Breaking PR Trends That are Going to Dominate 2019,ground-breaking-pr-trends-that-are-going-to-dominate-2019,Gaurav Patra,marketing-pr,https://uploads-ssl.webflow.com/5c5c715c2b0f591069822560/5d0a219444723f089fbe3442_20161005041258-Work-Hours.jpeg,https://www.entrepreneur.com/article/329777
10 Digital Healthcare Analytics Every Provider & Payer Should Measure in 2019,guide-10-digital-healthcare-analytics-every-provider-payer-should-measure-in-2019-digital-authority,Digital Authority Partners,healthcare,https://uploads-ssl.webflow.com/5c5c715c2b0f591069822560/5d0a218417472eace0b55d86_Capture-17-1-1024x563.png,https://www.digitalauthority.me/resources/healthcare-analytics/
Kitchn,kitchn,Kitchn,food-drink-male,https://uploads-ssl.webflow.com/5c5c715c2b0f591069822560/5d0a21741792e1486268d3b6_f5cffedb779ce8ea3991f8020b5616d39ef6c0ee.jpeg,https://www.thekitchn.com
Popular tracks / Hype Machine,popular-tracks-hype-machine,Hype Machine,music-male,https://uploads-ssl.webflow.com/5c5c715c2b0f591069822560/5d0a219d44723fe469be3454_share-logo-wide.png,https://hypem.com/popular?workaround..
Sharing and Attention in the Academic Gig Economy,sharing-and-attention-in-the-academic-gig-economy-inside-higher-ed,Inside Higher Ed,education,https://uploads-ssl.webflow.com/5c5c715c2b0f591069822560/5d0a216917472e4efcb55d38_facebook_icon_large.jpeg,http://www.insidehighered.com/blogs/library-babel-fish/sharing-and-attention-academic-gig-economy
Technology Content Marketing: Top Trends + Brands,technology-content-marketing-top-trends-brands,NewsCred,technology,https://uploads-ssl.webflow.com/5c5c715c2b0f591069822560/5d0a21c24a635c6723e71186_thumbnail-0ff80ceb6a18137f3dc2628fad02a2b2.png,https://insights.newscred.com/technology-content-marketing/
The Daily Beast,the-daily-beast,The Daily Beast,entertainment-media,https://uploads-ssl.webflow.com/5c5c715c2b0f591069822560/5d0a216d1792e1b0ca68d396_placeholder_euli9k.jpeg,http://www.thedailybeast.com/
The Ultimate Vendor Tipping Guide,the-ultimate-vendor-tipping-guide,stylemepretty,wedding-male,https://uploads-ssl.webflow.com/5c5c715c2b0f591069822560/5d0a21d31cdf438eb3a3151c_5ce5ad7a89b84%24!900x467.jpeg,https://www.stylemepretty.com/2019/06/14/the-ultimate-vendor-tipping-guide/
Top 12 Real Estate Marketing Tactics for 2019 | Updated Post,top-12-real-estate-marketing-tactics-for-2019-updated-post,chatterbuzzz,real-estate,https://uploads-ssl.webflow.com/5c5c715c2b0f591069822560/5d0a21aa69e40a4ec4f6f60e_Top-12-Real-Estate-Marketing-Tactics-for-2019.jpeg,https://www.chatterbuzzmedia.com/blog/top-5-real-estate-marketing-tactics-for-2019/
Who What Wear,who-what-wear,Who What Wear,fashion-beauty,https://uploads-ssl.webflow.com/5c5c715c2b0f591069822560/5d0a216f44723f973abe33c0_who-what-wear.jpeg,https://www.whowhatwear.com
10 Brand Marketing Trends To Watch In 2019,10-brand-marketing-trends-to-watch-in-2019,Michael Stone,accounting-finance-male,https://uploads-ssl.webflow.com/5c5c715c2b0f591069822560/5d0a215317472eee83b55d06_https%253A%252F%252Fblogs-images.forbes.com%252Fmichaelstone%252Ffiles%252F2019%252F01%252FAR.jpeg,https://www.forbes.com/sites/michaelstone/2019/01/28/10-brand-marketing-trends-to-watch-in-2019/#489ea58e4708
10 Healthcare Marketing Strategies and Trends Shaping 2019,10-healthcare-marketing-strategies-and-trends-shaping-2019,bluecorona,healthcare,https://uploads-ssl.webflow.com/5c5c715c2b0f591069822560/5d0a21841cdf4371c6a31433_healthcare-digital-marketing.jpeg,https://www.bluecorona.com/blog/healthcare-marketing-trends-strategies
11 Digital Marketing Trends You Can No Longer Ignore in 2019,11-digital-marketing-trends-you-can-no-longer-ignore-in-2019,Katherine Hays,marketing-pr,https://uploads-ssl.webflow.com/5c5c715c2b0f591069822560/5d0a21961792e1e3a168d418_SG-11-Digital-Marketing-Trends-You-Can-No-Longer-Ignore-in-2018-2.jpeg,https://www.singlegrain.com/digital-marketing/11-digital-marketing-trends-you-can-no-longer-ignore-in-2018/
12 Powerful PR Trends That Will Shape Your Strategy for 2019,12-powerful-pr-trends-that-will-shape-your-strategy-for-2019,wendymarx,marketing-pr,https://uploads-ssl.webflow.com/5c5c715c2b0f591069822560/5d0a219544723f0c3cbe3446_12%2520Powerful%2520PR%2520Trends%2520That%2520Will%2520Shape%2520Your%2520Strategy%2520for%25202019.jpeg,https://b2bprblog.marxcommunications.com/b2bpr/pr-trends-pr-strategy
12 Reasons A Website Revamp is Exactly What You Should Do,12-reasons-a-website-revamp-is-exactly-what-you-should-do,"Pixel Productions Inc., PIxel Productions Inc.",online-store,https://uploads-ssl.webflow.com/5c5c715c2b0f591069822560/5d0a21b944723f0beabe348e_hal-gatewood-613602-unsplash-1024x683.jpeg,https://www.pixelproductionsinc.com/12-reasons-a-website-revamp-is-exactly-what-you-should-do/
15 Minute Beauty Fanatic,15-minute-beauty-fanatic,15 Minute Beauty Fanatic,fashion-beauty,https://uploads-ssl.webflow.com/5c5c715c2b0f591069822560/5d0a21714a635c0232e710e4_best-undereye-color-correctors.jpeg,https://www.15minutebeauty.com/
16 Ecommerce Trends That Will Drive Sales in 2019 – Shopify,16-ecommerce-trends-that-will-drive-sales-in-2019-shopify,shopify,online-store,https://uploads-ssl.webflow.com/5c5c715c2b0f591069822560/5d0a21b71cdf430ebea314c4_ecommerce-trends-2019.jpeg,https://www.shopify.com/partners/blog/ecommerce-trends-2019
19 Real Estate Marketing Ideas & Trends That Will Dominate 2019,19-real-estate-marketing-ideas-amp-trends-that-will-dominate-2019,Emile L'Eplattenier,real-estate,https://uploads-ssl.webflow.com/5c5c715c2b0f591069822560/5d0a21ad4a635cb718e71166_Strategies.jpeg,https://theclose.com/real-estate-marketing-ideas/
4 tech trends to shape agriculture in 2019,4-tech-trends-to-shape-agriculture-in-2019,BizCommunity,agriculture-male,https://uploads-ssl.webflow.com/5c5c715c2b0f591069822560/5d0a216069e40aa877f6efc9_485259.jpeg,https://www.bizcommunity.com/Article/196/707/188024.html
40 Visual Symbols Every Communicator Needs to Know,40-visual-symbols-every-communicator-needs-to-know,vismeapp,visual-arts,https://uploads-ssl.webflow.com/5c5c715c2b0f591069822560/5d0a21cb1792e1c25a68d48f_40-Visual-Symbols-Every-Communicator-Needs-to-Know-1.jpeg,https://visme.co/blog/symbols-and-meanings/
5 Marketing Trends To Pay Attention To In 2019,5-marketing-trends-to-pay-attention-to-in-2019,John Hall,real-estate,https://uploads-ssl.webflow.com/5c5c715c2b0f591069822560/5d0a21ad17472efe61b55de2_https%253A%252F%252Fblogs-images.forbes.com%252Fthumbnails%252Fblog_2343%252Fpt_2343_3781_o.jpeg,https://www.forbes.com/sites/johnhall/2018/06/17/5-marketing-trends-to-pay-attention-to-in-2019/#2e75b01060f7
5 Real Estate Marketing Trends That You Need To Know About in 2019,5-real-estate-marketing-trends-that-you-need-to-know-about-in-2019,rehrealestate,real-estate,https://uploads-ssl.webflow.com/5c5c715c2b0f591069822560/5d0a21ab1cdf43e2e1a314a3_5-Real-Estate-Marketing-Trends-That-You-Need-To-Know-About-In-2019-1.jpeg,https://rehrealestate.com/5-real-estate-marketing-trends-that-you-need-to-know-about-in-2019/
5 Trends That Will Drive Online Shopping In 2019,5-trends-that-will-drive-online-shopping-in-2019,Braintree Contributor,online-store,https://uploads-ssl.webflow.com/5c5c715c2b0f591069822560/5d0a21b71792e1375168d460_https%253A%252F%252Fblogs-images.forbes.com%252Fbraintree%252Ffiles%252F2018%252F11%252FGettyImages-922710736-1200x800.jpeg,https://www.forbes.com/sites/braintree/2018/11/12/5-trends-that-will-drive-online-shopping-in-2019/#799fec46384a
6 Major Trends for B2B Technology Marketers in 2019 According to the Content Marketing Institute,6-major-trends-for-b2b-technology-marketers-in-2019-according-to-the-content-marketing-institute,"The Content Standard by Skyword, Paige Breaux",technology,https://uploads-ssl.webflow.com/5c5c715c2b0f591069822560/5d0a21c069e40af3cbf6f627_dt-1024x683.jpeg,https://www.skyword.com/contentstandard/marketing/6-major-trends-for-b2b-technology-marketers-in-2019-according-to-the-content-marketing-institute/
6 Social Media Trends for Medical Marketers to Follow in 2019,6-social-media-trends-for-medical-marketers-to-follow-in-2019,mdconnectinc,healthcare,https://uploads-ssl.webflow.com/5c5c715c2b0f591069822560/5d0a218a69e40a74c0f6f5c7_social%2520media%2520trends%25202019.jpeg,https://www.mdconnectinc.com/medical-marketing-insights/6-social-media-trends-2019
8 Ag Tech Start-Ups Worth Watching in 2019,8-ag-tech-start-ups-worth-watching-in-2019,Laurie Bedord,agriculture-male,https://uploads-ssl.webflow.com/5c5c715c2b0f591069822560/5d0a215e1cdf4392afa313b4_WordItOut-word-cloud-3521410.png,https://www.agriculture.com/news/technology/9-ag-tech-start-ups-worth-watching-in-2019
9 Ways Financial Marketers Can Get Content Marketing Right,9-ways-financial-marketers-can-get-content-marketing-right,The Financial Brand,accounting-finance-male,https://uploads-ssl.webflow.com/5c5c715c2b0f591069822560/5d0a215869e40a93cff6efa6_Content-Marketing.jpeg,https://thefinancialbrand.com/78105/bank-credit-union-content-marketing-tips/
ACE Healthy Living,ace-healthy-living,"Jennifer Turpin Stanfield, Amy Ashmore, Pete McCall, Lorne Opler, Niki Campbell",health-fitness-male,https://uploads-ssl.webflow.com/5c5c715c2b0f591069822560/5d0a73e0727236212fc53028_2019-HL_06_13-EatingHealthyontheRoad-header.jpg,https://www.acefitness.org/education-and-resources/lifestyle/blog
Advertising Trends You Should Consider in 2019,advertising-trends-you-should-consider-in-2019,Katherine Hays,marketing-pr,https://uploads-ssl.webflow.com/5c5c715c2b0f591069822560/5d0a21951cdf4313a7a3146a_20190116201648-GettyImages-1045961624-crop.jpeg,https://www.entrepreneur.com/article/326236
Advice for successfully implementing a pathways program,advice-for-successfully-implementing-a-pathways-program-opinion-inside-higher-ed,Inside Higher Ed,education,https://uploads-ssl.webflow.com/5c5c715c2b0f591069822560/5d0a216a44723fda25be33af_group-of-businessmen-standing-on-the-intricate-road-vector-id972889430_0_0.jpeg,http://www.insidehighered.com/views/2019/06/19/advice-successfully-implementing-pathways-program-opinion
All Songs Considered,all-songs-considered,npr,music-male,https://uploads-ssl.webflow.com/5c5c715c2b0f591069822560/5d0a219d1cdf433757a3147d_facebook-default-wide.jpeg,https://www.npr.org/sections/allsongs/
Art F City,art-f-city,Art F City,visual-arts,https://uploads-ssl.webflow.com/5c5c715c2b0f591069822560/5d0a21ca4a635c9b1fe711af_afclogo-1.png,http://artfcity.com
ARTnews Spring 2018 Cover,artnews-spring-2018-cover,ARTnews,visual-arts,https://uploads-ssl.webflow.com/5c5c715c2b0f591069822560/5d0a21cc4a635c78ffe711b6_Cover-final-3.jpeg,http://www.artnews.com
Black Girls Run,blog,Black Girls Run,health-fitness-male,https://uploads-ssl.webflow.com/5c5c715c2b0f591069822560/5d0a217f1cdf434d57a31422_logo.png,https://blackgirlsrun.com/blogs/blog
"Blogilates | Health, Fitness, Food, Body Image & More",blogilates-health-fitness-food-body-image-amp-more,Blogilates,health-fitness-male,https://uploads-ssl.webflow.com/5c5c715c2b0f591069822560/5d0a217f1792e16fd468d3e7_blogilates.jpeg,https://www.blogilates.com/blog/
Business Insider France,business-insider-france,Business Insider France,entertainment-media,https://uploads-ssl.webflow.com/5c5c715c2b0f591069822560/5d0a216d1cdf43e651a313d8_og-image-logo-social.png,https://www.businessinsider.com/
BuzzFeed,buzzfeed,BuzzFeed,entertainment-media,https://uploads-ssl.webflow.com/5c5c715c2b0f591069822560/5d0a216d1792e17c8168d393_buzzfeed_arrow.e86a786d9e5e2250e1ed3e0ec95ba42d.png,https://www.buzzfeed.com
Charlotte Hilton Andersen,charlotte-hilton-andersen,Charlotte Hilton Andersen,health-fitness-male,https://uploads-ssl.webflow.com/5c5c715c2b0f591069822560/5d0a217f44723f1cccbe33ef_default.jpeg,http://www.thegreatfitnessexperiment.com/
Content Marketing Trends in the Agriculture Industry,content-marketing-trends-in-the-agriculture-industry-writeraccess,"WriterAccess, Featured Writer",agriculture-male,https://uploads-ssl.webflow.com/5c5c715c2b0f591069822560/5d0a215e1792e12c7168d367_agriculture-industry-content-marketing.jpeg,https://www.writeraccess.com/blog/content-marketing-trends-in-the-agriculture-industry/
Cupcakes & Cashmere,cupcakes-cashmere,byemily,travel-lifestyle-male,https://uploads-ssl.webflow.com/5c5c715c2b0f591069822560/5d0a76456c1bd5417f367b79_MTM5NjEzMzM1OTYzMzEzNjY5.png,https://cupcakesandcashmere.com/
Digital Learning Leaders and the Demographic Reckoning | Inside Higher Ed,digital-learning-leaders-and-the-demographic-reckoning-inside-higher-ed,Inside Higher Ed,education,https://uploads-ssl.webflow.com/5c5c715c2b0f591069822560/5d0a216917472e4efcb55d38_facebook_icon_large.jpeg,http://www.insidehighered.com/digital-learning/blogs/technology-and-learning/digital-learning-leaders-and-demographic-reckoning
Digital Marketing Trends for the Modern Tech Company - B2B Marketing Agency | Elevation B2B,digital-marketing-trends-for-the-modern-tech-company-b2b-marketing-agency-elevation-b2b,elevationb2b,technology,https://uploads-ssl.webflow.com/5c5c715c2b0f591069822560/5d0a21c04a635c066be71182_tech-1024x683.jpeg,https://www.elevationb2b.com/blog/digital-marketing-trends-modern-tech-company
"Easy Recipes, Quick Recipes, Best Recipes | Just a Taste",easy-recipes-quick-recipes-best-recipes-just-a-taste,Just a Taste,food-drink-male,https://uploads-ssl.webflow.com/5c5c715c2b0f591069822560/5d0a217517472e9163b55d4f_jat-facebook.png,https://www.justataste.com
Emerging Roles of AI in Education | Inside Higher Ed,emerging-roles-of-ai-in-education-inside-higher-ed,Inside Higher Ed,education,https://uploads-ssl.webflow.com/5c5c715c2b0f591069822560/5d0a216917472e4efcb55d38_facebook_icon_large.jpeg,http://www.insidehighered.com/digital-learning/blogs/online-trending-now/emerging-roles-ai-education
Engadget,engadget,Engadget,entertainment-media,https://uploads-ssl.webflow.com/5c5c715c2b0f591069822560/5d0a216d69e40a491ff6f577_eng-logo-928x201.png,https://www.engadget.com/
Finance content marketing trends for 2019 - The Dubs,finance-content-marketing-trends-for-2019-the-dubs,the-dubs,accounting-finance-male,https://uploads-ssl.webflow.com/5c5c715c2b0f591069822560/5d0a21571cdf43863ca313a8_5_finance_content_marketing_trends_for_2019_banner.jpeg,https://www.thedubs.com/finance-content-marketing-trends-2019/
Five trends that will reshape media in 2019,five-trends-that-will-reshape-media-in-2019,Marketing Week,accounting-finance-male,https://uploads-ssl.webflow.com/5c5c715c2b0f591069822560/5d0a21584a635c31f0e710a1_news-media-1240.jpeg,https://www.marketingweek.com/2019/01/04/five-trends-media-2019/
Food Babe,food-babe,Food Babe,food-drink-male,https://uploads-ssl.webflow.com/5c5c715c2b0f591069822560/5d0a21751cdf43a625a313f9_foodbabe-headshot.jpeg,https://foodbabe.com
"Food Community, Recipes, Kitchen‌ & Home Products, Cooking Contests",food52-food-community-recipes-kitchen-home-products-cooking-contests,Food52,food-drink-male,https://uploads-ssl.webflow.com/5c5c715c2b0f591069822560/5d0a217544723f536dbe33cf_facebook-og-share-default.jpeg,https://food52.com
Gal Meets Glam,gal-meets-glam,"Gal Meets Glam, Julia Engel",travel-lifestyle-male,https://uploads-ssl.webflow.com/5c5c715c2b0f591069822560/5d0a21c644723f7f1fbe34ae_gmg-1.jpeg,https://galmeetsglam.com/
Gorgeous Flea Market Flips : Before and After Furniture Makeovers,gorgeous-flea-market-flips-before-and-after-furniture-makeovers-bull-the-budget-decorator,"The Budget Decorator, Kathy Woodard",home-living-male,https://uploads-ssl.webflow.com/5c5c715c2b0f591069822560/5d0a218b4a635c0a44e7112f_img_4426-3.jpeg,https://www.thebudgetdecorator.com/flea-market-flips-before-and-afters/
"Grow Faster, Grow Stronger: Speed-Breeding Crops to Feed the Future",grow-faster-grow-stronger-speed-breeding-crops-to-feed-the-future,Knvul Sheikh,agriculture-male,https://uploads-ssl.webflow.com/5c5c715c2b0f591069822560/5d0a21614a635c7589e710b2_17crops1-facebookJumbo.jpeg,https://www.nytimes.com/2019/06/17/science/food-agriculture-genetics.html?rref=collection%2Ftimestopic%2FAgriculture%20and%20Farming&action=click&contentCollection=timestopics&region=stream&module=stream_unit&version=latest&contentPlacement=2&pgtype=collection
Head to Toe Blueprints for Styling a Classic Themed Wedding,head-to-toe-blueprints-for-styling-a-classic-themed-wedding,stylemepretty,wedding-male,https://uploads-ssl.webflow.com/5c5c715c2b0f591069822560/5d0a21d44a635cdb9fe711bf_5b0ed52473428%24!900x467.jpeg,https://www.stylemepretty.com/2018/10/07/head-to-toe-blueprints-for-styling-a-classic-themed-wedding/
Healthcare IT News,healthcare-it-news-healthcare-technology-hit-consultant,HIT Consultant Media,healthcare,https://uploads-ssl.webflow.com/5c5c715c2b0f591069822560/5d0a5ec089475947bdcfb8aa_logo-hit6652.png,https://hitconsultant.net/
Hi-Fructose Magazine,hi-fructose-magazine,Hi-Fructose Magazine,visual-arts,https://uploads-ssl.webflow.com/5c5c715c2b0f591069822560/5d0a21cb17472ebbbeb55e22_cropped-HFwhitelogoforMOCA.jpeg,https://hifructose.com
The Sexy Vegan,home,thesexyvegan,food-drink-male,https://uploads-ssl.webflow.com/5c5c715c2b0f591069822560/5d0a217617472edd33b55d54_b75740e5-89e9-454b-bb7e-6ca20cbee601-2.jpeg,http://www.thesexyvegan.com/
Food & Wine,home-page,Food & Wine,food-drink-male,https://uploads-ssl.webflow.com/5c5c715c2b0f591069822560/5d0a21741cdf438f64a313f4_og-default.png,https://www.foodandwine.com
How to Reupholster a Chair,how-to-reupholster-a-chair-bull-the-budget-decorator,"The Budget Decorator, Kathy Woodard",home-living-male,https://uploads-ssl.webflow.com/5c5c715c2b0f591069822560/5d0a218c17472e7906b55d99_reupholster-feature.jpeg,https://www.thebudgetdecorator.com/how-to-reupholster-a-chair/
Ken's Trends: Law Firm Marketing in 2019,kens-trends-law-firm-marketing-in-2019,pilmmaorg,legal-male,https://uploads-ssl.webflow.com/5c5c715c2b0f591069822560/5d0a218f1792e1b28d68d40d_jan-3-blog-graphic.jpeg,https://www.pilmma.org/blog/2019/01/2019-personal-injury-law-firm-marketing-trends/
Law Firm Marketing Strategy in a Digital World,law-firm-marketing-strategy-in-a-digital-world-legal-marketing,bluecorona,legal-male,https://uploads-ssl.webflow.com/5c5c715c2b0f591069822560/5d0a79146c1bd5d72636849a_online-marketing-for-lawyers.jpg,https://www.bluecorona.com/blog/law-firm-marketing-online
Legal Marketing Trends for 2019 and Beyond,legal-marketing-trends-for-2019-and-beyond-audiencebloom,"Sam Edwards, SEO.co",legal-male,https://uploads-ssl.webflow.com/5c5c715c2b0f591069822560/5d0a218f4a635c85bae71134_Legal-Marketing-Trends-for-2019.jpeg,https://seo.co/legal-marketing-trends/
Legal Marketing Trends to Look Out for in 2019,legal-marketing-trends-to-look-out-for-in-2019-stacey-e-burke-p-c,"Stacey E. Burke, P.C.",legal-male,https://uploads-ssl.webflow.com/5c5c715c2b0f591069822560/5d0a218f69e40a14f7f6f5dd_2019_trends_900x500-FINAL.jpeg,https://www.staceyeburke.com/blog/legal-marketing-trends/
"Marketing to Farmers, Ag Digital Marketing Guide",marketing-to-farmers-ag-digital-marketing-guide-farm-market-id,Farm Market iD,agriculture-male,https://uploads-ssl.webflow.com/5c5c715c2b0f591069822560/5d0a215d69e40a46c3f6efc5_FMiD-Logo.png,https://www.farmmarketid.com/marketing-to-farmers/
"Men's Fashion, Style, Grooming, Fitness, Lifestyle, News & Politics",mens-fashion-style-grooming-fitness-lifestyle-news-politics,GQ,fashion-beauty,https://uploads-ssl.webflow.com/5c5c715c2b0f591069822560/5d0a217044723f44fabe33c3_gqblackandgoldlogo.jpeg,https://www.gq.com
Online Men's Lifestyle Magazine,menswear-style-online-mens-lifestyle-magazine,Various Contributors,travel-lifestyle-male,https://uploads-ssl.webflow.com/5c5c715c2b0f591069822560/5d0a21c61cdf43af9fa314f0_blog_ln_1720.jpeg,https://www.menswearstyle.co.uk/
Messy Nessy Chic,messy-nessy-chic,Messy Nessy Chic,travel-lifestyle-male,https://uploads-ssl.webflow.com/5c5c715c2b0f591069822560/5d0a21c517472e6061b55e0a_logo1.jpeg,https://www.messynessychic.com
Online Retail trends: 22 ecommerce predictions for 2019,online-retail-trends-22-ecommerce-predictions-for-2019,Connect POS,online-store,https://uploads-ssl.webflow.com/5c5c715c2b0f591069822560/5d0a21b844723f0ea3be3489_Image-edit.jpeg,https://www.connectpos.com/online-retail-trends-2019/#.XNm-ky2ZN24
Other Than That... | Inside Higher Ed,other-than-that-inside-higher-ed,Inside Higher Ed,education,https://uploads-ssl.webflow.com/5c5c715c2b0f591069822560/5d0a216917472e4efcb55d38_facebook_icon_large.jpeg,http://www.insidehighered.com/blogs/confessions-community-college-dean/other
Patti Fletcher,patti-fletcher,sujanpatel,marketing-pr,https://uploads-ssl.webflow.com/5c5c715c2b0f591069822560/5d0a219617472e4d7db55db4_20170605213117-pattifletcher-profile.jpeg,https://www.entrepreneur.com/author/patricia-fletcher?utm_campaign=AskAnExpert&utm_source=Entrepreneur&utm_medium=Site&utm_content=ProductPromo
Pigeons & Planes: The Next Steps To Our Music Platform,pigeons-planes-the-next-steps-to-our-music-platform,pigsandplans,music-male,https://uploads-ssl.webflow.com/5c5c715c2b0f591069822560/5d0a219d1792e1f86068d428_pnp_New_Look_lead_ntjdux.png,https://pigeonsandplanes.com/
r/Music,r-music,reddit,music-male,https://uploads-ssl.webflow.com/5c5c715c2b0f591069822560/5d0a219d17472e489cb55dbb_UO8Hj8ZnQmYGeE9ZIjKPQEwlX46OBPC_kj2Jqlt5nqo.png,https://www.reddit.com/r/Music/
Real Brides Share Their Most Awkward Moments During Wedding Planning,real-brides-share-their-most-awkward-moments-during-wedding-planning,stylemepretty,wedding-male,https://uploads-ssl.webflow.com/5c5c715c2b0f591069822560/5d0a21d51cdf432b5da3152a_5cdaf7131d71f%24!900x467.jpeg,https://www.stylemepretty.com/2019/06/13/real-brides-share-their-most-awkward-moments-during-wedding-planning/
Rouge 18,rouge-18,Rouge 18,fashion-beauty,https://uploads-ssl.webflow.com/5c5c715c2b0f591069822560/5d0a216f69e40a1608f6f584_blank.jpeg,http://www.rouge18.com/
She's In The Glow,shes-in-the-glow,She's In The Glow,fashion-beauty,https://uploads-ssl.webflow.com/5c5c715c2b0f591069822560/5d0a216f69e40a1608f6f584_blank.jpeg,https://shesintheglow.com/
Six Content Marketing Trends For 2019,six-content-marketing-trends-for-2019,Peter Boyd,legal-male,https://uploads-ssl.webflow.com/5c5c715c2b0f591069822560/5d0a219069e40a6e60f6f5e2_https%253A%252F%252Fblogs-images.forbes.com%252Fforbesagencycouncil%252Ffiles%252F2018%252F11%252Fpexels-photo-842554-6-500x500.jpeg,https://www.forbes.com/sites/forbesagencycouncil/2018/11/14/six-content-marketing-trends-for-2019/#496fe9705047
Slate’s Use of Your Data,slates-use-of-your-data,"Slate, Dahlia Lithwick, Darcey Steinke, Outward Live in NYC, Political Gabfest Live in Toronto",entertainment-media,https://uploads-ssl.webflow.com/5c5c715c2b0f591069822560/5d0a216e69e40aae2af6f57d_icon.400x400.png,https://slate.com
Social media marketing trends 2019,social-media-marketing-trends-2019-smart-insights,"Somya Mehta, Smart Insights",technology,https://uploads-ssl.webflow.com/5c5c715c2b0f591069822560/5d0a21c11792e1c38768d47d_Sprout-Topics-Demonstrating-Brand-Transparency-on-Social-Aug2018.png,https://www.smartinsights.com/social-media-marketing/social-media-strategy/social-media-marketing-trends-2019/
Stay Cool with a DIY Stock Tank Pool!,stay-cool-with-a-diy-stock-tank-pool-bull-the-budget-decorator,"Kathy Woodard, The Budget Decorator",home-living-male,https://uploads-ssl.webflow.com/5c5c715c2b0f591069822560/5d0a218b17472ec619b55d96_stock-tank-pools-28.jpeg,https://www.thebudgetdecorator.com/wanna-stay-cool-diy-a-stock-tank-pool/
Tech Product Website Trends & Ideas: From Startups To SaaS Pages,tech-product-website-trends-ideas-from-startups-to-saas-pages-vandelay-design,Vandelay Design,technology,https://uploads-ssl.webflow.com/5c5c715c2b0f591069822560/5d0a21bf1cdf436dc8a314db_00-tech-product-homepage-runcloud.jpeg,https://www.vandelaydesign.com/tech-web-design-trends/
TechCrunch – Startup and Technology News,techcrunch-startup-and-technology-news,Madeline Stein & Michael Stein,entertainment-media,https://uploads-ssl.webflow.com/5c5c715c2b0f591069822560/5d0a216e69e40a2e24f6f57a_opengraph-default.png,https://techcrunch.com/
The 11 Biggest Real Estate Trends You Need to Know in 2019,the-11-biggest-real-estate-trends-you-need-to-know-in-2019-follow-up-boss,Follow Up Boss,real-estate,https://uploads-ssl.webflow.com/5c5c715c2b0f591069822560/5d0a21ab1792e1afc068d44c_nick-quote.png,https://www.followupboss.com/blog/11-biggest-real-estate-trends-need-know-2019/
The 8 Marketing Trends to Watch in 2019 if You Want to Stay On Top!,the-8-marketing-trends-to-watch-in-2019-if-you-want-to-stay-on-top,Pixel Productions Inc.,online-store,https://uploads-ssl.webflow.com/5c5c715c2b0f591069822560/5d0a21b91792e14dab68d467_campaign-creators-771730-unsplash-1024x683.jpeg,https://www.pixelproductionsinc.com/the-8-marketing-trends-to-watch-in-2019/
Solo Female Travel Blog,the-blonde-abroad-solo-female-travel-blog,The Blonde Abroad,travel-lifestyle-male,https://uploads-ssl.webflow.com/5c5c715c2b0f591069822560/5d0a21c669e40acbdff6f62f_DSCF3824-3.jpeg,https://theblondeabroad.com
The Future of Content Marketing: 10 Biggest Content Marketing Trends that Will Dominate 2019,the-future-of-content-marketing-10-biggest-content-marketing-trends-that-will-dominate-2019,Nidhi Dave,marketing-pr,https://uploads-ssl.webflow.com/5c5c715c2b0f591069822560/5d0a7d3c3608a92ecb87401d_content-marketing-trends.png,https://www.coredna.com/blogs/content-marketing-trends
"The Most Helpful Features to Add to Your Wedding Website, According to Past Brides",the-most-helpful-features-to-add-to-your-wedding-website-according-to-past-brides,stylemepretty,wedding-male,https://uploads-ssl.webflow.com/5c5c715c2b0f591069822560/5d0a21d669e40a5efaf6f65f_ibb-1553111259.2082.2147%24!900x467.jpeg,https://www.stylemepretty.com/2019/03/25/the-most-helpful-features-to-add-to-your-wedding-website-according-to-past-brides/
The Ultimate Honeymoon Packing List,the-ultimate-honeymoon-packing-list,stylemepretty,wedding-male,https://uploads-ssl.webflow.com/5c5c715c2b0f591069822560/5d0a21d51cdf436714a31527_59d966dab76f2%24!900x467.jpeg,https://www.stylemepretty.com/2019/06/07/the-ultimate-honeymoon-packing-list/
Top Healthcare Marketing Tips for 2019,top-healthcare-marketing-tips-for-2019-digital-authority,Digital Authority Partners,healthcare,https://uploads-ssl.webflow.com/5c5c715c2b0f591069822560/5d0a21831cdf43923aa31431_shutterstock_556076596-1024x683.jpeg,https://www.digitalauthority.me/resources/healthcare-marketing/
Top Real Estate Marketing Trends 2019 - Fronetics Real Estate Marketing,top-real-estate-marketing-trends-2019-fronetics-real-estate-marketing,froneticsre,real-estate,https://uploads-ssl.webflow.com/5c5c715c2b0f591069822560/5d0a21ac44723f04f2be3471_Top-real-estate-marketing-trends.jpeg,https://www.froneticsrealestate.com/top-real-estate-marketing-trends-2019/
Up Your Floral Game With These Trending Wedding Flower Ideas,up-your-floral-game-with-these-trending-wedding-flower-ideas,stylemepretty,wedding-male,https://uploads-ssl.webflow.com/5c5c715c2b0f591069822560/5d0a21d544723f225abe3668_ibb-1520443837.9025.5556%24!900x467.jpeg,https://www.stylemepretty.com/2018/03/19/trending-wedding-florals/
US Digital Ad Spending Will Surpass Traditional in 2019,us-digital-ad-spending-will-surpass-traditional-in-2019,eMarketer Editors,accounting-finance-male,https://uploads-ssl.webflow.com/5c5c715c2b0f591069822560/5d0a21541cdf434763a3139e_default-image-share.png,https://www.emarketer.com/content/us-digital-ad-spending-will-surpass-traditional-in-2019
Verso Homepage,verso-homepage,Allure,fashion-beauty,https://uploads-ssl.webflow.com/5c5c715c2b0f591069822560/5d0a217144723f0a6abe33c7_allure-logo-red.png,https://www.allure.com
We're Floored! Painted Floor Ideas & Projects,we-039-re-floored-painted-floor-ideas-amp-projects-bull-the-budget-decorator,"Kathy Woodard, The Budget Decorator",home-living-male,https://uploads-ssl.webflow.com/5c5c715c2b0f591069822560/5d0a218c44723f259fbe342d_painted-floor-ideas-34.jpeg,https://www.thebudgetdecorator.com/diy-painted-floor-projects/
What is a University Today? | Inside Higher Ed,what-is-a-university-today-inside-higher-ed,Inside Higher Ed,education,https://uploads-ssl.webflow.com/5c5c715c2b0f591069822560/5d0a216917472e4efcb55d38_facebook_icon_large.jpeg,http://www.insidehighered.com/blogs/higher-ed-gamma/what-university-today
Your EDM | Electronic Dance Music News & EDM Reviews,your-edm-electronic-dance-music-news-amp-edm-reviews,youredm,music-male,https://uploads-ssl.webflow.com/5c5c715c2b0f591069822560/5d0a219d1cdf43d378a3147a_your_edm_logo_medium.png,https://www.youredm.com
5 Trends in Technology Content Marketing to Watch in 2019,5-trends-in-technology-content-marketing-to-watch-in-2019,"The Content Standard by Skyword, Liz Alton",,https://uploads-ssl.webflow.com/5c5c715c2b0f591069822560/5d0a21c11cdf434459a314de_pocolo-761447-unsplash-1024x683.jpeg,https://www.skyword.com/contentstandard/creativity/5-trends-in-technology-content-marketing-to-watch-in-2019/
"Nerd Fitness: Helping You Lose Weight, Get Stronger, Live Better.",nerd-fitness-helping-you-lose-weight-get-stronger-live-better,nerdfitness,health-fitness-male,https://uploads-ssl.webflow.com/5c5c715c2b0f591069822560/5d0a217d69e40ab0f5f6f5b7_lego-weight-training.jpeg,https://www.nerdfitness.com/blog/
