Tool,Label,Slug,Img,Link,Description,Price,Free Trial
Google Domains,DomainHost,domainhost1,https://uploads-ssl.webflow.com/5c5c715c2b0f591069822560/5dc9f9a2b730b5b7914ae684_T43.jpg,https://domains.google/#/,"Search for and register a domain, get hosting, and build a site with Google Domains. The best of the internet backed by the security of Google.",-,-
Wix,DomainHost,domainhost10,https://uploads-ssl.webflow.com/5c5c715c2b0f591069822560/5dc9f64b3020d0b3fb0f83a4_T11.png,https://www.wix.com,With Wix you don't have to worry about web hosting â€”we offer free and secure hosting for every Wix website.,-,-
SquareSpace,DomainHost,domainhost11,https://uploads-ssl.webflow.com/5c5c715c2b0f591069822560/5dc9f5443020d02b410f7c80_T9.png,https://www.squarespace.com,Squarespace helps you create your new website. Start a free trial today! Drag and Drop. Modern Templates. Custom Domains. Free 14-day Trial. No Plugins Necessary. 24/7 Customer Support.,-,-
Wordpress,DomainHost,domainhost12,https://uploads-ssl.webflow.com/5c5c715c2b0f591069822560/5dc9f5fc5f1e469e662ac621_T13.png,https://wordpress.org,"Create a free website or build a blog with ease on WordPress.com. Dozens of free, customizable, mobile-ready designs and themes. Free hosting and support.",-,-
Bluehost,DomainHost,domainhost13,https://uploads-ssl.webflow.com/5c5c715c2b0f591069822560/5dc9fa1f2f32322b9f99d4b8_T46.jpg,https://www.bluehost.com,Bluehost offers an array of web hosting products and packages optimized for your needs. Visit us & learn about our web hosting plan options!,-,-
Webnode,DomainHost,domainhost14,https://uploads-ssl.webflow.com/5c5c715c2b0f591069822560/5dc9f5b13020d0b2e20f7e35_T14.jpg,https://us.webnode.com,Save your hard-earned money and make your own website yourself in minutes. Free Domain with Premium. 100% Responsive Templates. 24/7 friendly support. Over 30 Million Users.,-,-
HostGator,DomainHost,domainhost15,https://uploads-ssl.webflow.com/5c5c715c2b0f591069822560/5dc9fb320b137a55797a8997_T50.jpg,https://www.hostgator.com,HostGator is a leading provider of secure and easy website hosting services. Discover why thousands of customers trust us to handle their hosting needs.,-,-
Shopify,DomainHost,domainhost2,https://uploads-ssl.webflow.com/5c5c715c2b0f591069822560/5dc9f6665f1e463f352ac89c_T10.png,https://www.shopify.com,Establish your brand and register your domain name through Shopify. Easy automated setup. No configuration needed.,-,-
Network Solutions,DomainHost,domainhost3,https://uploads-ssl.webflow.com/5c5c715c2b0f591069822560/5dc9f9d02f3232f83999d1a3_T44.jpg,https://www.networksolutions.com,Domain name registration just got easier with Network Solutions. Check to see if your domain is available with our Domain Name Search tool.,-,-
SquareSpace,DomainHost,domainhost4,https://uploads-ssl.webflow.com/5c5c715c2b0f591069822560/5dc9f5443020d02b410f7c80_T9.png,https://www.squarespace.com,Your domain name search is just the start. Find a domain name for your website and bring your vision to life. It starts with your domain name.,-,-
GoDaddy,DomainHost,domainhost5,https://uploads-ssl.webflow.com/5c5c715c2b0f591069822560/5dc9fa06b730b51cf04ae859_T45.jpg,https://www.godaddy.com,"GoDaddy makes registering Domain Names fast, simple, and affordable.",-,-
BlueHost,DomainHost,domainhost6,https://uploads-ssl.webflow.com/5c5c715c2b0f591069822560/5dc9fa1f2f32322b9f99d4b8_T46.jpg,https://www.bluehost.com,Easily check availability of domain names and secure registration with Bluehost. Visit us and take your first step towards owning a dream website domain!,-,-
Domain.com,DomainHost,domainhost7,https://uploads-ssl.webflow.com/5c5c715c2b0f591069822560/5dc9fa370b137a1eaa7a85fb_T47.jpg,https://www.domain.com,"Everything begins with the perfect web domain. A custom domain name is necessary to help your customers find you, and for credibility online. As an accredited domain provider, Domain.com allows you to choose from all the major top-level web domains.",-,-
Name.com,DomainHost,domainhost8,https://uploads-ssl.webflow.com/5c5c715c2b0f591069822560/5dc9fa602f32327d9599d54a_T48.jpg,https://www.name.com,Domain names. Website Builder. An intuitive interface and awesome designs make Name.com's Website Builder the simplest way to create a sleek and professional website.,-,-
Gandi.net,DomainHost,domainhost9,https://uploads-ssl.webflow.com/5c5c715c2b0f591069822560/5dc9fa7a2f323278d399d5c5_T49.jpg,https://www.gandi.net/en,"We host over 200000 websites, why not yours? Try any of our web hosting offers FREE for 10 days. No credit card required. No engagement.",-,-