How To's,Photo,Fixing Photography,https://medium.com/@Zimberoff/disrupting-stock-photography-fffe1c7d5b99
How To's,Photo,Optimize Google My Business: How to Use Identity Photos,https://blog.reachlocal.com/how-to-optimize-your-google-my-business-information-using-identity-photos
How To's,Photo,The Importance of Good Photography to Market Your Business - Posse Social Media,https://possesocialmedia.com/the-importance-of-good-photography-to-market-your-business/
How To's,Photo,In Their Own Words: Why Top Photographers Use Photoshop,https://www.creativelive.com/blog/why-photographers-use-photoshop/
How To's,Photo,BEST VSCO EDITING TUTORIAL EVER!!!,https://youtu.be/r2wL56xnwKs
How To's,Photo,VSCO + Afterlight | Simple Editing Tutorial,https://youtu.be/ivYgYQ_coIM
How To's,Photo,Editing Photos On PicMonkey.com,https://youtu.be/vFEc5j2We2Y
How To's,Photo,Photo Editing for Beginners - Easy Tips,https://youtu.be/tLvz4QIiTno
How To's,Photo,Adobe Photoshop Tutorial : The Basics for Beginners,https://youtu.be/pFyOznL9UvA
How To's,Website,Six Important Reasons To Redesign Your Website,https://www.forbes.com/sites/forbescommunicationscouncil/2017/06/13/six-important-reasons-to-redesign-your-website/#3c7062c47853
How To's,Website,How to Create A Starter Website For Your Business | Small Business BC,https://smallbusinessbc.ca/article/create-starter-website-business/
How To's,Website,Why Local Businesses Will Need Websites More than Ever in 2019,https://moz.com/blog/local-businesses-need-websites
How To's,Website,Shopify Tutorial For Beginners - Create An Online Shopify Store 2019,https://youtu.be/E58ZVwOhj6c
How To's,Website,New Wix Tutorial! How to Make a Stunning Website!,https://youtu.be/6Q4737kSSzA
How To's,Website,How to Make a Website?,https://youtu.be/t3pz8ZIkLdY
How To's,Website,How to Make A Website for Beginners | TECH TALK,https://youtu.be/JKxOFCnM3fQ
How To's,Website,How To Create a Squarespace Website - Bedford,https://youtu.be/i5EBcGMqDp4
How To's,Logo,"Logo Design Tips, Logo News and How To Blogs | Logo Maker",https://www.logomaker.com/blog/
How To's,Logo,How to Brainstorm the Perfect Logo for Your Business,https://visme.co/blog/logo-ideas/
How To's,Logo,What's the purpose of logos and why do they matter?,https://logogeek.uk/logo-design/why-logos-matter/
How To's,Logo,5 Online Logo Makers & Generators to Design Your Brand,https://www.shopify.com/blog/online-logo-makers
How To's,Logo,What makes a truly great logo,https://youtu.be/RBTiTcHm_ac
How To's,Logo,Why is a Professional Logo Important?,https://youtu.be/wyP8gTIXdBo
How To's,Graphic Design,How to Make an Infographic: A Visual Guide for Beginners [Free E-Book],https://visme.co/blog/how-to-make-an-infographic/
How To's,Graphic Design,50 Beautiful Presentation Background Templates [Edit and Download],https://visme.co/blog/presentation-background/
How To's,Graphic Design,A Guide to Designing Cute Quote Graphics – Learn,https://www.canva.com/learn/guide-designing-cute-quote-graphics/
How To's,Graphic Design,A Non-Designer’s Guide to Creating Memorable Visual Presentations [Free E-Book],https://visme.co/blog/presentation-design/
How To's,Graphic Design,How To Use Canva - Tutorial!,https://youtu.be/WL-WbHwsbs8
How To's,Graphic Design,Create Facebook Ad Graphics In 60 Seconds With PicMonkey,https://youtu.be/eYwiGKy_xjg
How To's,Graphic Design,HOW TO CREATE A POSTER USING POSTERMYWALL,https://youtu.be/NsNLltTrMDY
How To's,Graphic Design,How to Create Image Graphics for Social Media that Engage and Stand Out,https://youtu.be/4OWGwacVBDA
How To's,Video,Ways to Create Engaging Video Content for Social Media,https://nealschaffer.com/6-powerful-ways-to-create-engaging-video-content-for-social-media/
How To's,Video,6 Psychology-Backed Hacks for Making Engaging Videos,https://blog.hubspot.com/marketing/psychology-hacks-for-making-engaging-videos
How To's,Video,7 Video Marketing Trends to Look Out for in 2019,https://animoto.com/blog/video-marketing/video-marketing-trends-2019/
How To's,Video,7 Ways to Create More Engaging Videos That Rank Higher in YouTube,https://www.entrepreneur.com/article/225791
How To's,Video,13 Video Trends We're Super Excited About for 2019,https://wistia.com/learn/marketing/video-trends-2019
How To's,Video,Using Video Marketing for Business | How to Grow Your Business With Video,https://youtu.be/4OvHyeAECQ0
How To's,Video,"Video Marketing In 2018, Maximize Video Reach On Social Media",https://youtu.be/OPvERYM62u8
How To's,Video,Turn Your Videos Into Instagram BANGERS! My Workflow.,https://youtu.be/dvEQiuBDSVA
How To's,Video,Video Editing Apps for Instagram!,https://youtu.be/DADk0_lZyVU
How To's,Video,How To Make Videos More Interesting,https://youtu.be/9h-PbBZqayY
How To's,Animation,Why Animated Video is the Best Strategy for Your Social Media,https://www.dreamgrow.com/animated-video/
How To's,Animation,Unleash The Power Of Path Animations With SVGator — Smashing Magazine,https://www.smashingmagazine.com/2019/06/unleash-power-path-animations-svgator/
How To's,Animation,A step-by-step guide to creating a marketing animation | Smart Insights,https://www.smartinsights.com/digital-marketing-platforms/video-marketing/animation-guide/
How To's,Animation,Brand Identity: How to Build One with an Animated Marketing Video,https://mention.com/blog/build-brand-identity-animated-marketing-video/
How To's,Animation,How Animation Can Become a Part of Your Digital Marketing Strategy,https://curatti.com/animation-digital-marketing-strategy/
How To's,Animation,Animaker Tutorial : How to create Awesome videos using Animaker,https://youtu.be/ImTiE7_Qz9M
How To's,Animation,HOW TO MAKE ANIMATED VIDEOS LIKE ME!!,https://youtu.be/ft8IPX6RXuo
How To's,Animation,The 5 Types of Animation,https://youtu.be/NZbrdCAsYqU
How To's,Animation,How to Make an Animated Promo Video in 20 Minutes,https://youtu.be/0CBa66gQGBo
How To's,Animation,4 Best Animation Styles for Business Videos,https://youtu.be/xlOQ0ELrqTI
How To's,Illustration,,
How To's,Email,,
How To's,Print,,